"STATION","NAME","LATITUDE","LONGITUDE","ELEVATION","DATE","PRCP","TAVG","TMAX","TMIN"
"DAE00100417","TINGLEV, DA","54.9331","9.25","23.0","1996","598.3",,,
"DAE00100417","TINGLEV, DA","54.9331","9.25","23.0","1997","771.8",,,
"DAE00100417","TINGLEV, DA","54.9331","9.25","23.0","1998","1032.1",,,
"DAE00100417","TINGLEV, DA","54.9331","9.25","23.0","1999","1018.4",,,
"DAE00100417","TINGLEV, DA","54.9331","9.25","23.0","2000","808.3",,,
"DAE00100417","TINGLEV, DA","54.9331","9.25","23.0","2001","905.9",,,
"DAE00100417","TINGLEV, DA","54.9331","9.25","23.0","2002","1054.6",,,
"DAE00100417","TINGLEV, DA","54.9331","9.25","23.0","2003","669.2",,,
"DAE00100417","TINGLEV, DA","54.9331","9.25","23.0","2004","1017.6",,,
"DAE00100417","TINGLEV, DA","54.9331","9.25","23.0","2005","830.9",,,
"DAE00100417","TINGLEV, DA","54.9331","9.25","23.0","2006","741.8",,,
"DAE00100416","STORE JYNDEVAD, DA","54.9","9.1331","16.0","1988","1097.5",,,
"DAE00100416","STORE JYNDEVAD, DA","54.9","9.1331","16.0","1989","674.7",,,
"DAE00100416","STORE JYNDEVAD, DA","54.9","9.1331","16.0","1990","988.1",,,
"DAE00100416","STORE JYNDEVAD, DA","54.9","9.1331","16.0","1991","843.2",,,
"DAE00100416","STORE JYNDEVAD, DA","54.9","9.1331","16.0","1992","825.9",,,
"DAE00100416","STORE JYNDEVAD, DA","54.9","9.1331","16.0","1993","837.7",,,
"DAE00100416","STORE JYNDEVAD, DA","54.9","9.1331","16.0","1994","1019.6",,,
"DAE00100416","STORE JYNDEVAD, DA","54.9","9.1331","16.0","1995","776.1",,,
"DAE00100416","STORE JYNDEVAD, DA","54.9","9.1331","16.0","1996","566.0",,,
"DAE00100416","STORE JYNDEVAD, DA","54.9","9.1331","16.0","1997","815.5",,,
"DAE00100416","STORE JYNDEVAD, DA","54.9","9.1331","16.0","1998","1081.3",,,
"DAE00100416","STORE JYNDEVAD, DA","54.9","9.1331","16.0","1999","1084.5",,,
"DAE00100416","STORE JYNDEVAD, DA","54.9","9.1331","16.0","2000","806.4",,,
"DAE00100416","STORE JYNDEVAD, DA","54.9","9.1331","16.0","2001","840.8",,,
"DAE00100416","STORE JYNDEVAD, DA","54.9","9.1331","16.0","2002","1002.1",,,
"DAE00100416","STORE JYNDEVAD, DA","54.9","9.1331","16.0","2003","669.4",,,
"DAE00100416","STORE JYNDEVAD, DA","54.9","9.1331","16.0","2004","979.0",,,
"DAE00100416","STORE JYNDEVAD, DA","54.9","9.1331","16.0","2005","792.8",,,
"DAE00100416","STORE JYNDEVAD, DA","54.9","9.1331","16.0","2006","789.5",,,
"DAE00100416","STORE JYNDEVAD, DA","54.9","9.1331","16.0","2007","994.8",,,
"DAE00100416","STORE JYNDEVAD, DA","54.9","9.1331","16.0","2008","908.3",,,
"DAE00100416","STORE JYNDEVAD, DA","54.9","9.1331","16.0","2009","975.4",,,
"DAE00100416","STORE JYNDEVAD, DA","54.9","9.1331","16.0","2010","836.5",,,
"DAE00100416","STORE JYNDEVAD, DA","54.9","9.1331","16.0","2011","928.2",,,
"DAE00100416","STORE JYNDEVAD, DA","54.9","9.1331","16.0","2012","910.1",,,
"DAE00100416","STORE JYNDEVAD, DA","54.9","9.1331","16.0","2013","922.1",,,
"DAE00100416","STORE JYNDEVAD, DA","54.9","9.1331","16.0","2014","1186.5",,,
"DAE00100416","STORE JYNDEVAD, DA","54.9","9.1331","16.0","2015","1068.2",,,
"DAE00100416","STORE JYNDEVAD, DA","54.9","9.1331","16.0","2016","923.7",,,
"DAE00100416","STORE JYNDEVAD, DA","54.9","9.1331","16.0","2017","1090.9",,,
"DAE00100416","STORE JYNDEVAD, DA","54.9","9.1331","16.0","2018","703.4",,,
"DAE00100416","STORE JYNDEVAD, DA","54.9","9.1331","16.0","2019","1139.9",,,
"DAE00100416","STORE JYNDEVAD, DA","54.9","9.1331","16.0","2020","908.4",,,
"DAM00006030","FLYVESTATION AALBORG, DA","57.093","9.849","3.0","1973","507.4",,,
"DAM00006030","FLYVESTATION AALBORG, DA","57.093","9.849","3.0","1974","554.0",,,
"DAM00006030","FLYVESTATION AALBORG, DA","57.093","9.849","3.0","1976","461.8",,,
"DAM00006030","FLYVESTATION AALBORG, DA","57.093","9.849","3.0","1978","620.9",,,
"DAM00006030","FLYVESTATION AALBORG, DA","57.093","9.849","3.0","1979","700.5",,,
"DAM00006030","FLYVESTATION AALBORG, DA","57.093","9.849","3.0","1980","706.9",,,
"DAM00006030","FLYVESTATION AALBORG, DA","57.093","9.849","3.0","1981","758.7",,,
"DAM00006030","FLYVESTATION AALBORG, DA","57.093","9.849","3.0","2006","805.0",,,
"DAM00006030","FLYVESTATION AALBORG, DA","57.093","9.849","3.0","2007","714.6",,,
"DAM00006030","FLYVESTATION AALBORG, DA","57.093","9.849","3.0","2008","606.1",,,
"DAM00006030","FLYVESTATION AALBORG, DA","57.093","9.849","3.0","2009","604.7",,,
"DAM00006030","FLYVESTATION AALBORG, DA","57.093","9.849","3.0","2010","565.6",,,
"DAM00006030","FLYVESTATION AALBORG, DA","57.093","9.849","3.0","2011","666.5",,,
"DAM00006030","FLYVESTATION AALBORG, DA","57.093","9.849","3.0","2012","609.5",,,
"DAM00006030","FLYVESTATION AALBORG, DA","57.093","9.849","3.0","2013","572.0",,,
"DAM00006030","FLYVESTATION AALBORG, DA","57.093","9.849","3.0","2014","700.0",,,
"DAM00006030","FLYVESTATION AALBORG, DA","57.093","9.849","3.0","2018","512.6",,,
"DAM00006030","FLYVESTATION AALBORG, DA","57.093","9.849","3.0","2020","617.1",,,
"DAM00006030","FLYVESTATION AALBORG, DA","57.093","9.849","3.0","2021","521.2",,,
"DA000027080","TRANEBJERG, DA","55.85","10.6","11.0","1950","752.1","8.4","11.5","5.3"
"DA000027080","TRANEBJERG, DA","55.85","10.6","11.0","1951","750.0","8.2","11.2","5.2"
"DA000027080","TRANEBJERG, DA","55.85","10.6","11.0","1952","639.7","7.4","10.6","4.3"
"DA000027080","TRANEBJERG, DA","55.85","10.6","11.0","1953","554.4","9.3","12.3","6.3"
"DA000027080","TRANEBJERG, DA","55.85","10.6","11.0","1954","605.2","7.8","10.7","4.9"
"DA000027080","TRANEBJERG, DA","55.85","10.6","11.0","1955","486.6","7.7","10.8","4.7"
"DA000027080","TRANEBJERG, DA","55.85","10.6","11.0","1956","487.3","7.0","10.0","3.9"
"DA000027080","TRANEBJERG, DA","55.85","10.6","11.0","1957","518.6","8.3","11.4","5.3"
"DA000027080","TRANEBJERG, DA","55.85","10.6","11.0","1958","721.5","7.6","10.6","4.6"
"DA000027080","TRANEBJERG, DA","55.85","10.6","11.0","1959","414.3",,,
"DA000027080","TRANEBJERG, DA","55.85","10.6","11.0","1960","692.9",,,
"DA000027080","TRANEBJERG, DA","55.85","10.6","11.0","1961","634.0",,,
"DA000027080","TRANEBJERG, DA","55.85","10.6","11.0","1962","520.0","7.3","10.3","4.3"
"DA000027080","TRANEBJERG, DA","55.85","10.6","11.0","1963","549.4","6.9","10.0","3.9"
"DA000027080","TRANEBJERG, DA","55.85","10.6","11.0","1964","551.2","7.8","10.9","4.6"
"DA000027080","TRANEBJERG, DA","55.85","10.6","11.0","1965","630.7",,,
"DA000027080","TRANEBJERG, DA","55.85","10.6","11.0","1966","741.6",,,
"DA000027080","TRANEBJERG, DA","55.85","10.6","11.0","1967","674.0",,,
"DA000027080","TRANEBJERG, DA","55.85","10.6","11.0","1968","674.7",,,
"DA000027080","TRANEBJERG, DA","55.85","10.6","11.0","1969","494.8",,,
"DA000027080","TRANEBJERG, DA","55.85","10.6","11.0","1970","612.4","7.4","10.5","4.2"
"DA000027080","TRANEBJERG, DA","55.85","10.6","11.0","1971","538.0","8.7","11.7","5.7"
"DA000027080","TRANEBJERG, DA","55.85","10.6","11.0","1972",,,,
"DA000027080","TRANEBJERG, DA","55.85","10.6","11.0","1973","439.3","8.4","11.4","5.5"
"DA000027080","TRANEBJERG, DA","55.85","10.6","11.0","1974","538.2","8.7","11.5","5.9"
"DA000027080","TRANEBJERG, DA","55.85","10.6","11.0","1975","311.6","9.1","12.0","6.3"
"DA000027080","TRANEBJERG, DA","55.85","10.6","11.0","1976","318.8","8.1","11.0","5.2"
"DA000027080","TRANEBJERG, DA","55.85","10.6","11.0","1977","420.5","8.1","10.8","5.5"
"DA000027080","TRANEBJERG, DA","55.85","10.6","11.0","1978","383.6","7.9","10.6","5.2"
"DA000027080","TRANEBJERG, DA","55.85","10.6","11.0","1979","506.5","7.0","9.6","4.4"
"DA000027080","TRANEBJERG, DA","55.85","10.6","11.0","1980","612.7","7.6","10.1","5.1"
"DA000027080","TRANEBJERG, DA","55.85","10.6","11.0","1981","719.3","7.7","10.3","5.0"
"DA000027080","TRANEBJERG, DA","55.85","10.6","11.0","1982","458.1","8.4","11.2","5.6"
"DA000027080","TRANEBJERG, DA","55.85","10.6","11.0","1983","512.1","8.7","11.5","6.0"
"DA000027080","TRANEBJERG, DA","55.85","10.6","11.0","1984","632.9","8.4","10.8","6.0"
"DA000027080","TRANEBJERG, DA","55.85","10.6","11.0","1985","620.8","7.1","9.7","4.4"
"DA000027080","TRANEBJERG, DA","55.85","10.6","11.0","1986","460.2","7.6","10.3","4.9"
"DA000027080","TRANEBJERG, DA","55.85","10.6","11.0","1987","540.9","7.2","9.7","4.6"
"DA000027080","TRANEBJERG, DA","55.85","10.6","11.0","1988","541.4","9.0","11.7","6.3"
"DA000027080","TRANEBJERG, DA","55.85","10.6","11.0","1989","480.5","9.7","12.6","6.8"
"DA000027080","TRANEBJERG, DA","55.85","10.6","11.0","1990","564.0","9.9","12.7","7.2"
"DA000027080","TRANEBJERG, DA","55.85","10.6","11.0","1991","459.9","8.7","11.3","6.0"
"DA000027080","TRANEBJERG, DA","55.85","10.6","11.0","1992",,"9.4","12.1","6.7"
"DA000027080","TRANEBJERG, DA","55.85","10.6","11.0","1993","540.0","8.1","10.7","5.6"
"DA000027080","TRANEBJERG, DA","55.85","10.6","11.0","1994","680.4","9.2","11.7","6.7"
"DA000027080","TRANEBJERG, DA","55.85","10.6","11.0","1996","363.0","7.6","10.1","5.1"
"DA000027080","TRANEBJERG, DA","55.85","10.6","11.0","1997","436.0","9.1","11.8","6.3"
"DA000027080","TRANEBJERG, DA","55.85","10.6","11.0","1998","594.7","8.9","11.2","6.6"
"DA000027080","TRANEBJERG, DA","55.85","10.6","11.0","1999","730.5","9.4","12.1","6.6"
"DA000027080","TRANEBJERG, DA","55.85","10.6","11.0","2000","569.3",,,
"DA000027080","TRANEBJERG, DA","55.85","10.6","11.0","2001",,"9.1","12.3","6.0"
"DA000027080","TRANEBJERG, DA","55.85","10.6","11.0","2002",,"9.9","13.0","6.9"
"DA000021100","VESTERVIG, DA","56.7667","8.3167","18.0","1950","1017.7","8.1","11.1","5.1"
"DA000021100","VESTERVIG, DA","56.7667","8.3167","18.0","1951","900.0","8.0","11.0","5.1"
"DA000021100","VESTERVIG, DA","56.7667","8.3167","18.0","1952","796.1","7.2","10.3","4.1"
"DA000021100","VESTERVIG, DA","56.7667","8.3167","18.0","1953","695.1","8.8","11.6","5.9"
"DA000021100","VESTERVIG, DA","56.7667","8.3167","18.0","1954","975.5","7.4","10.4","4.5"
"DA000021100","VESTERVIG, DA","56.7667","8.3167","18.0","1955","630.7","7.3","10.5","4.0"
"DA000021100","VESTERVIG, DA","56.7667","8.3167","18.0","1956","661.3","6.9","10.0","3.7"
"DA000021100","VESTERVIG, DA","56.7667","8.3167","18.0","1957","717.9","8.1","11.1","5.1"
"DA000021100","VESTERVIG, DA","56.7667","8.3167","18.0","1958","867.7","7.4","10.4","4.4"
"DA000021100","VESTERVIG, DA","56.7667","8.3167","18.0","1959","655.9","8.8","12.1","5.5"
"DA000021100","VESTERVIG, DA","56.7667","8.3167","18.0","1960","798.4","7.8","10.8","4.8"
"DA000021100","VESTERVIG, DA","56.7667","8.3167","18.0","1961","862.3","8.6","11.5","5.9"
"DA000021100","VESTERVIG, DA","56.7667","8.3167","18.0","1962","729.2","7.3","10.1","4.6"
"DA000021100","VESTERVIG, DA","56.7667","8.3167","18.0","1963","835.1","6.9","9.8","3.9"
"DA000021100","VESTERVIG, DA","56.7667","8.3167","18.0","1964","643.8","7.7","10.7","4.7"
"DA000021100","VESTERVIG, DA","56.7667","8.3167","18.0","1965","743.6","7.3","10.2","4.4"
"DA000021100","VESTERVIG, DA","56.7667","8.3167","18.0","1966","928.5","7.1","10.1","4.1"
"DA000021100","VESTERVIG, DA","56.7667","8.3167","18.0","1967","959.0","8.5","11.3","5.7"
"DA000021100","VESTERVIG, DA","56.7667","8.3167","18.0","1968","856.9","7.9","11.1","4.8"
"DA000021100","VESTERVIG, DA","56.7667","8.3167","18.0","1969","779.0","7.3","10.3","4.2"
"DA000021100","VESTERVIG, DA","56.7667","8.3167","18.0","1970","826.7","7.0","10.1","3.8"
"DA000021100","VESTERVIG, DA","56.7667","8.3167","18.0","1971","648.8","8.2","11.2","5.2"
"DA000021100","VESTERVIG, DA","56.7667","8.3167","18.0","1972","662.3","7.7","10.7","4.8"
"DA000021100","VESTERVIG, DA","56.7667","8.3167","18.0","1973","594.3","8.2","11.4","5.1"
"DA000021100","VESTERVIG, DA","56.7667","8.3167","18.0","1974","859.0","8.6","11.7","5.6"
"DA000021100","VESTERVIG, DA","56.7667","8.3167","18.0","1975","665.3","8.9","12.0","5.8"
"DA000021100","VESTERVIG, DA","56.7667","8.3167","18.0","1976","641.9","7.6","10.8","4.6"
"DA000021100","VESTERVIG, DA","56.7667","8.3167","18.0","1977","840.8","7.8","10.7","5.0"
"DA000021100","VESTERVIG, DA","56.7667","8.3167","18.0","1978","795.7",,,
"DA000021100","VESTERVIG, DA","56.7667","8.3167","18.0","1979","1036.5","6.5","9.4","3.7"
"DA000021100","VESTERVIG, DA","56.7667","8.3167","18.0","1980","992.3","7.6","10.7","4.5"
"DA000021100","VESTERVIG, DA","56.7667","8.3167","18.0","1981","857.8","7.3","10.3","4.3"
"DA000021100","VESTERVIG, DA","56.7667","8.3167","18.0","1982","986.2","8.1","11.1","5.2"
"DA000021100","VESTERVIG, DA","56.7667","8.3167","18.0","1983","974.0","8.4","11.3","5.6"
"DA000021100","VESTERVIG, DA","56.7667","8.3167","18.0","1984","876.4","8.1","10.8","5.4"
"DA000021100","VESTERVIG, DA","56.7667","8.3167","18.0","1985","793.1","6.6","9.7","3.5"
"DA000021100","VESTERVIG, DA","56.7667","8.3167","18.0","1986","727.1","7.2","10.1","4.3"
"DA000021100","VESTERVIG, DA","56.7667","8.3167","18.0","1987","838.9","6.8","9.6","4.0"
"DA000021100","VESTERVIG, DA","56.7667","8.3167","18.0","1988","856.0","8.8","11.6","5.9"
"DA000021100","VESTERVIG, DA","56.7667","8.3167","18.0","1989","610.9","9.4","12.2","6.5"
"DA000021100","VESTERVIG, DA","56.7667","8.3167","18.0","1990","927.6","9.4","12.3","6.5"
"DA000021100","VESTERVIG, DA","56.7667","8.3167","18.0","1991","627.9","8.4","11.3","5.6"
"DA000021100","VESTERVIG, DA","56.7667","8.3167","18.0","1992","826.1","9.1","12.3","5.9"
"DA000021100","VESTERVIG, DA","56.7667","8.3167","18.0","1993","728.0","7.7","10.7","4.7"
"DA000021100","VESTERVIG, DA","56.7667","8.3167","18.0","1994","845.1","8.7","11.8","5.7"
"DA000021100","VESTERVIG, DA","56.7667","8.3167","18.0","1995","670.6","8.3","11.5","5.1"
"DA000021100","VESTERVIG, DA","56.7667","8.3167","18.0","1996","549.7","7.0","10.0","3.9"
"DA000021100","VESTERVIG, DA","56.7667","8.3167","18.0","1997","628.2","8.7","11.8","5.5"
"DA000021100","VESTERVIG, DA","56.7667","8.3167","18.0","1998","857.5","8.4","11.1","5.8"
"DA000021100","VESTERVIG, DA","56.7667","8.3167","18.0","1999","1086.3","9.2","12.1","6.3"
"DA000021100","VESTERVIG, DA","56.7667","8.3167","18.0","2000","905.0",,,
"DA000021100","VESTERVIG, DA","56.7667","8.3167","18.0","2001","851.0","8.4","11.4","5.4"
"DA000021100","VESTERVIG, DA","56.7667","8.3167","18.0","2002","808.8","9.1","12.3","5.9"
"DA000021100","VESTERVIG, DA","56.7667","8.3167","18.0","2003","705.5",,,
"DA000021100","VESTERVIG, DA","56.7667","8.3167","18.0","2004","835.8","8.9","12.0","5.9"
"DA000021100","VESTERVIG, DA","56.7667","8.3167","18.0","2005","674.7","9.0","12.0","5.9"
"DA000021100","VESTERVIG, DA","56.7667","8.3167","18.0","2006","980.1","9.4","12.4","6.5"
"DA000021100","VESTERVIG, DA","56.7667","8.3167","18.0","2007","849.4","9.6","12.5","6.8"
"DA000021100","VESTERVIG, DA","56.7667","8.3167","18.0","2008","828.1",,,
"DA000021100","VESTERVIG, DA","56.7667","8.3167","18.0","2009","724.8","9.0","12.1","5.9"
"DA000021100","VESTERVIG, DA","56.7667","8.3167","18.0","2010","654.4","6.7","9.9","3.6"
"DA000021100","VESTERVIG, DA","56.7667","8.3167","18.0","2011","845.3","9.1","11.9","6.3"
"DA000021100","VESTERVIG, DA","56.7667","8.3167","18.0","2012","951.6",,,"5.6"
"DA000021100","VESTERVIG, DA","56.7667","8.3167","18.0","2013","758.1",,,"5.2"
"DA000021100","VESTERVIG, DA","56.7667","8.3167","18.0","2014","974.1",,,"7.3"
"DA000021100","VESTERVIG, DA","56.7667","8.3167","18.0","2015","1042.9",,,"6.5"
"DA000021100","VESTERVIG, DA","56.7667","8.3167","18.0","2016","663.7",,,"6.4"
"DA000021100","VESTERVIG, DA","56.7667","8.3167","18.0","2017","869.3",,,"6.6"
"DA000021100","VESTERVIG, DA","56.7667","8.3167","18.0","2018","757.4",,,"6.8"
"DA000021100","VESTERVIG, DA","56.7667","8.3167","18.0","2019","1076.8",,,"7.4"
"DA000021100","VESTERVIG, DA","56.7667","8.3167","18.0","2020","857.0",,,"8.3"
"DA000021430","GRONBAEK ALLINGSKOVGARD, DA","56.2831","9.6167","25.0","1950","807.3",,,
"DA000021430","GRONBAEK ALLINGSKOVGARD, DA","56.2831","9.6167","25.0","1951","677.3",,,
"DA000021430","GRONBAEK ALLINGSKOVGARD, DA","56.2831","9.6167","25.0","1952","636.5",,,
"DA000021430","GRONBAEK ALLINGSKOVGARD, DA","56.2831","9.6167","25.0","1953","784.6",,,
"DA000021430","GRONBAEK ALLINGSKOVGARD, DA","56.2831","9.6167","25.0","1954","854.9",,,
"DA000021430","GRONBAEK ALLINGSKOVGARD, DA","56.2831","9.6167","25.0","1955","623.3",,,
"DA000021430","GRONBAEK ALLINGSKOVGARD, DA","56.2831","9.6167","25.0","1956","574.1",,,
"DA000021430","GRONBAEK ALLINGSKOVGARD, DA","56.2831","9.6167","25.0","1957","725.0",,,
"DA000021430","GRONBAEK ALLINGSKOVGARD, DA","56.2831","9.6167","25.0","1958","742.7",,,
"DA000021430","GRONBAEK ALLINGSKOVGARD, DA","56.2831","9.6167","25.0","1959","668.8",,,
"DA000021430","GRONBAEK ALLINGSKOVGARD, DA","56.2831","9.6167","25.0","1960","686.9",,,
"DA000021430","GRONBAEK ALLINGSKOVGARD, DA","56.2831","9.6167","25.0","1961","696.5",,,
"DA000021430","GRONBAEK ALLINGSKOVGARD, DA","56.2831","9.6167","25.0","1962","739.3",,,
"DA000021430","GRONBAEK ALLINGSKOVGARD, DA","56.2831","9.6167","25.0","1963","737.5",,,
"DA000021430","GRONBAEK ALLINGSKOVGARD, DA","56.2831","9.6167","25.0","1964","654.8",,,
"DA000021430","GRONBAEK ALLINGSKOVGARD, DA","56.2831","9.6167","25.0","1965","668.0",,,
"DA000021430","GRONBAEK ALLINGSKOVGARD, DA","56.2831","9.6167","25.0","1966","767.2",,,
"DA000021430","GRONBAEK ALLINGSKOVGARD, DA","56.2831","9.6167","25.0","1967","904.5",,,
"DA000021430","GRONBAEK ALLINGSKOVGARD, DA","56.2831","9.6167","25.0","1968","739.0",,,
"DA000021430","GRONBAEK ALLINGSKOVGARD, DA","56.2831","9.6167","25.0","1969","571.7",,,
"DA000021430","GRONBAEK ALLINGSKOVGARD, DA","56.2831","9.6167","25.0","1970","744.3",,,
"DA000021430","GRONBAEK ALLINGSKOVGARD, DA","56.2831","9.6167","25.0","1971","651.2",,,
"DA000021430","GRONBAEK ALLINGSKOVGARD, DA","56.2831","9.6167","25.0","1972","628.9",,,
"DA000021430","GRONBAEK ALLINGSKOVGARD, DA","56.2831","9.6167","25.0","1973","584.6",,,
"DA000021430","GRONBAEK ALLINGSKOVGARD, DA","56.2831","9.6167","25.0","1974","687.9",,,
"DA000021430","GRONBAEK ALLINGSKOVGARD, DA","56.2831","9.6167","25.0","1975","470.0",,,
"DA000021430","GRONBAEK ALLINGSKOVGARD, DA","56.2831","9.6167","25.0","1976","486.6",,,
"DA000021430","GRONBAEK ALLINGSKOVGARD, DA","56.2831","9.6167","25.0","1977","744.1",,,
"DA000021430","GRONBAEK ALLINGSKOVGARD, DA","56.2831","9.6167","25.0","1978","676.0",,,
"DA000021430","GRONBAEK ALLINGSKOVGARD, DA","56.2831","9.6167","25.0","1979","767.8",,,
"DA000021430","GRONBAEK ALLINGSKOVGARD, DA","56.2831","9.6167","25.0","1980","874.3",,,
"DA000021430","GRONBAEK ALLINGSKOVGARD, DA","56.2831","9.6167","25.0","1981","903.5",,,
"DA000021430","GRONBAEK ALLINGSKOVGARD, DA","56.2831","9.6167","25.0","1982","736.8",,,
"DA000021430","GRONBAEK ALLINGSKOVGARD, DA","56.2831","9.6167","25.0","1983","713.2",,,
"DA000021430","GRONBAEK ALLINGSKOVGARD, DA","56.2831","9.6167","25.0","1984","751.8",,,
"DA000021430","GRONBAEK ALLINGSKOVGARD, DA","56.2831","9.6167","25.0","1985","723.1",,,
"DA000021430","GRONBAEK ALLINGSKOVGARD, DA","56.2831","9.6167","25.0","1986","632.8",,,
"DA000021430","GRONBAEK ALLINGSKOVGARD, DA","56.2831","9.6167","25.0","1987","729.1",,,
"DA000021430","GRONBAEK ALLINGSKOVGARD, DA","56.2831","9.6167","25.0","1988","764.8",,,
"DA000021430","GRONBAEK ALLINGSKOVGARD, DA","56.2831","9.6167","25.0","1989","570.8",,,
"DA000021430","GRONBAEK ALLINGSKOVGARD, DA","56.2831","9.6167","25.0","1990","789.4",,,
"DA000021430","GRONBAEK ALLINGSKOVGARD, DA","56.2831","9.6167","25.0","1991","609.7",,,
"DA000021430","GRONBAEK ALLINGSKOVGARD, DA","56.2831","9.6167","25.0","1992","693.4",,,
"DA000021430","GRONBAEK ALLINGSKOVGARD, DA","56.2831","9.6167","25.0","1993","812.1",,,
"DA000021430","GRONBAEK ALLINGSKOVGARD, DA","56.2831","9.6167","25.0","1994","835.5",,,
"DA000021430","GRONBAEK ALLINGSKOVGARD, DA","56.2831","9.6167","25.0","1995","657.0",,,
"DA000021430","GRONBAEK ALLINGSKOVGARD, DA","56.2831","9.6167","25.0","1996","514.9",,,
"DA000021430","GRONBAEK ALLINGSKOVGARD, DA","56.2831","9.6167","25.0","1997","713.0",,,
"DA000021430","GRONBAEK ALLINGSKOVGARD, DA","56.2831","9.6167","25.0","1998","834.5",,,
"DA000021430","GRONBAEK ALLINGSKOVGARD, DA","56.2831","9.6167","25.0","1999","918.2",,,
"DA000021430","GRONBAEK ALLINGSKOVGARD, DA","56.2831","9.6167","25.0","2000","829.4",,,
"DA000021430","GRONBAEK ALLINGSKOVGARD, DA","56.2831","9.6167","25.0","2001","732.4",,,
"DA000021430","GRONBAEK ALLINGSKOVGARD, DA","56.2831","9.6167","25.0","2002","959.6",,,
"DA000021430","GRONBAEK ALLINGSKOVGARD, DA","56.2831","9.6167","25.0","2003","687.9",,,
"DA000021430","GRONBAEK ALLINGSKOVGARD, DA","56.2831","9.6167","25.0","2004","902.7",,,
"DA000021430","GRONBAEK ALLINGSKOVGARD, DA","56.2831","9.6167","25.0","2005","641.5",,,
"DA000021430","GRONBAEK ALLINGSKOVGARD, DA","56.2831","9.6167","25.0","2006","878.5",,,
"DA000021430","GRONBAEK ALLINGSKOVGARD, DA","56.2831","9.6167","25.0","2007","746.6",,,
"DA000021430","GRONBAEK ALLINGSKOVGARD, DA","56.2831","9.6167","25.0","2008","768.0",,,
"DA000021430","GRONBAEK ALLINGSKOVGARD, DA","56.2831","9.6167","25.0","2009","693.5",,,
"DA000021430","GRONBAEK ALLINGSKOVGARD, DA","56.2831","9.6167","25.0","2010","732.7",,,
"DA000021430","GRONBAEK ALLINGSKOVGARD, DA","56.2831","9.6167","25.0","2011","736.4",,,
"DA000021430","GRONBAEK ALLINGSKOVGARD, DA","56.2831","9.6167","25.0","2012","843.7",,,
"DA000021430","GRONBAEK ALLINGSKOVGARD, DA","56.2831","9.6167","25.0","2013","659.4",,,
"DA000021430","GRONBAEK ALLINGSKOVGARD, DA","56.2831","9.6167","25.0","2014","766.2",,,
"DA000021430","GRONBAEK ALLINGSKOVGARD, DA","56.2831","9.6167","25.0","2015","869.3",,,
"DA000021430","GRONBAEK ALLINGSKOVGARD, DA","56.2831","9.6167","25.0","2016","801.3",,,
"DA000021430","GRONBAEK ALLINGSKOVGARD, DA","56.2831","9.6167","25.0","2017","843.8",,,
"DA000021430","GRONBAEK ALLINGSKOVGARD, DA","56.2831","9.6167","25.0","2018","574.5",,,
"DA000021430","GRONBAEK ALLINGSKOVGARD, DA","56.2831","9.6167","25.0","2019","928.0",,,
"DA000021430","GRONBAEK ALLINGSKOVGARD, DA","56.2831","9.6167","25.0","2020","810.2",,,
"DA000025140","NORDBY FANO, DA","55.45","8.4","4.0","1950","1027.2","8.9","11.7","6.0"
"DA000025140","NORDBY FANO, DA","55.45","8.4","4.0","1951","908.3","8.8","11.6","6.1"
"DA000025140","NORDBY FANO, DA","55.45","8.4","4.0","1952","790.5",,,
"DA000025140","NORDBY FANO, DA","55.45","8.4","4.0","1953","713.6","9.5","12.4","6.7"
"DA000025140","NORDBY FANO, DA","55.45","8.4","4.0","1954","874.9","8.1","10.9","5.4"
"DA000025140","NORDBY FANO, DA","55.45","8.4","4.0","1955","601.0","8.1","11.3","5.0"
"DA000025140","NORDBY FANO, DA","55.45","8.4","4.0","1956","531.8","7.5","10.4","4.5"
"DA000025140","NORDBY FANO, DA","55.45","8.4","4.0","1957","709.1","8.7","11.6","5.8"
"DA000025140","NORDBY FANO, DA","55.45","8.4","4.0","1958","892.1","7.9","10.8","5.0"
"DA000025140","NORDBY FANO, DA","55.45","8.4","4.0","1959","554.4","9.2","12.6","5.7"
"DA000025140","NORDBY FANO, DA","55.45","8.4","4.0","1960","739.8","8.4","11.1","5.7"
"DA000025140","NORDBY FANO, DA","55.45","8.4","4.0","1961","811.1","8.9","11.6","6.1"
"DA000025140","NORDBY FANO, DA","55.45","8.4","4.0","1962","684.6","7.5","10.1","4.8"
"DA000025140","NORDBY FANO, DA","55.45","8.4","4.0","1963","768.3","7.1","10.0","4.2"
"DA000025140","NORDBY FANO, DA","55.45","8.4","4.0","1964","650.6","8.1","11.1","5.1"
"DA000025140","NORDBY FANO, DA","55.45","8.4","4.0","1965","856.0","7.7","10.7","4.6"
"DA000025140","NORDBY FANO, DA","55.45","8.4","4.0","1966","850.7","7.9","10.8","5.0"
"DA000025140","NORDBY FANO, DA","55.45","8.4","4.0","1967","866.5","9.1","12.1","6.2"
"DA000025140","NORDBY FANO, DA","55.45","8.4","4.0","1968","847.0","8.5","11.7","5.3"
"DA000025140","NORDBY FANO, DA","55.45","8.4","4.0","1969","654.5","8.0","11.2","4.8"
"DA000025140","NORDBY FANO, DA","55.45","8.4","4.0","1970","843.4","7.7","10.9","4.6"
"DA000025140","NORDBY FANO, DA","55.45","8.4","4.0","1971","541.0","9.0","12.2","5.7"
"DA000025140","NORDBY FANO, DA","55.45","8.4","4.0","1972","519.9","8.4","11.7","5.1"
"DA000025140","NORDBY FANO, DA","55.45","8.4","4.0","1973","679.9","8.7","11.7","5.7"
"DA000025140","NORDBY FANO, DA","55.45","8.4","4.0","1974","874.1","9.1","11.9","6.2"
"DA000025140","NORDBY FANO, DA","55.45","8.4","4.0","1975","582.3","9.4","12.3","6.4"
"DA000025140","NORDBY FANO, DA","55.45","8.4","4.0","1976","567.2","8.1","11.2","4.9"
"DA000025140","NORDBY FANO, DA","55.45","8.4","4.0","1977","721.5","8.3","11.0","5.6"
"DA000025140","NORDBY FANO, DA","55.45","8.4","4.0","1978","682.1","8.1","10.7","5.5"
"DA000025140","NORDBY FANO, DA","55.45","8.4","4.0","1979","859.9","7.0","9.6","4.4"
"DA000025140","NORDBY FANO, DA","55.45","8.4","4.0","1980","938.6","7.9","10.8","5.0"
"DA000025140","NORDBY FANO, DA","55.45","8.4","4.0","1981","845.4","7.8","10.7","4.9"
"DA000025140","NORDBY FANO, DA","55.45","8.4","4.0","1982","854.1","8.6","11.5","5.7"
"DA000025140","NORDBY FANO, DA","55.45","8.4","4.0","1983","894.5","9.0","11.8","6.2"
"DA000025140","NORDBY FANO, DA","55.45","8.4","4.0","1984","726.7","8.5","11.0","5.9"
"DA000025140","NORDBY FANO, DA","55.45","8.4","4.0","1985","835.4","7.1","10.0","4.2"
"DA000025140","NORDBY FANO, DA","55.45","8.4","4.0","1986","878.3","7.6","10.5","4.6"
"DA000025140","NORDBY FANO, DA","55.45","8.4","4.0","1987","878.2","7.4","10.0","4.8"
"DA000025140","NORDBY FANO, DA","55.45","8.4","4.0","1988","1108.0","9.2","11.9","6.4"
"DA000025140","NORDBY FANO, DA","55.45","8.4","4.0","1989","664.7","9.8","12.7","6.9"
"DA000025140","NORDBY FANO, DA","55.45","8.4","4.0","1990","1015.7","9.8","12.6","7.1"
"DA000025140","NORDBY FANO, DA","55.45","8.4","4.0","1991","699.2","8.8","11.6","6.0"
"DA000025140","NORDBY FANO, DA","55.45","8.4","4.0","1992","905.1","9.7","12.7","6.7"
"DA000025140","NORDBY FANO, DA","55.45","8.4","4.0","1993",,,,
"DA000025140","NORDBY FANO, DA","55.45","8.4","4.0","1994","912.9",,,
"DA000025140","NORDBY FANO, DA","55.45","8.4","4.0","1995","685.1","9.0","12.4","5.7"
"DA000025140","NORDBY FANO, DA","55.45","8.4","4.0","1996","547.7","7.4","10.7","4.1"
"DA000025140","NORDBY FANO, DA","55.45","8.4","4.0","1997","609.2","9.2","12.4","5.9"
"DA000025140","NORDBY FANO, DA","55.45","8.4","4.0","1998","886.7","9.0","11.9","6.1"
"DA000025140","NORDBY FANO, DA","55.45","8.4","4.0","1999","1015.1","9.7","12.9","6.4"
"DA000025140","NORDBY FANO, DA","55.45","8.4","4.0","2000","814.1",,,
"DA000025140","NORDBY FANO, DA","55.45","8.4","4.0","2001","809.3","9.0","12.4","5.6"
"DA000025140","NORDBY FANO, DA","55.45","8.4","4.0","2002","839.3","9.9","13.3","6.6"
"DA000025140","NORDBY FANO, DA","55.45","8.4","4.0","2003","649.7",,,
"DA000025140","NORDBY FANO, DA","55.45","8.4","4.0","2004","828.0",,,
"DA000025140","NORDBY FANO, DA","55.45","8.4","4.0","2005","808.6",,,
"DA000025140","NORDBY FANO, DA","55.45","8.4","4.0","2006","786.9","10.3","13.4","7.1"
"DA000025140","NORDBY FANO, DA","55.45","8.4","4.0","2007","937.2",,,
"DA000025140","NORDBY FANO, DA","55.45","8.4","4.0","2008","891.1","10.1","13.4","6.8"
"DA000025140","NORDBY FANO, DA","55.45","8.4","4.0","2009","799.7","9.6","12.8","6.4"
"DA000025140","NORDBY FANO, DA","55.45","8.4","4.0","2010","723.2","7.6","11.1","4.2"
"DA000025140","NORDBY FANO, DA","55.45","8.4","4.0","2011","757.4",,,
"DA000025140","NORDBY FANO, DA","55.45","8.4","4.0","2012","916.2",,,
"DA000025140","NORDBY FANO, DA","55.45","8.4","4.0","2013","723.5",,,
"DA000025140","NORDBY FANO, DA","55.45","8.4","4.0","2014","895.7",,,
"DA000025140","NORDBY FANO, DA","55.45","8.4","4.0","2015","1007.7",,,
"DA000025140","NORDBY FANO, DA","55.45","8.4","4.0","2016","663.5",,,
"DA000025140","NORDBY FANO, DA","55.45","8.4","4.0","2017","979.6",,,
"DA000025140","NORDBY FANO, DA","55.45","8.4","4.0","2018","677.5",,,
"DA000025140","NORDBY FANO, DA","55.45","8.4","4.0","2019","900.0",,,
"DA000025140","NORDBY FANO, DA","55.45","8.4","4.0","2020","808.1",,,
"DA000030370","KOEBENHAVN BOTANISK HAVE, DA","55.6831","12.5831","6.0","1961","662.3",,,
"DA000030370","KOEBENHAVN BOTANISK HAVE, DA","55.6831","12.5831","6.0","1962","608.6",,,
"DA000030370","KOEBENHAVN BOTANISK HAVE, DA","55.6831","12.5831","6.0","1963","638.2",,,
"DA000030370","KOEBENHAVN BOTANISK HAVE, DA","55.6831","12.5831","6.0","1964","463.7",,,
"DA000030370","KOEBENHAVN BOTANISK HAVE, DA","55.6831","12.5831","6.0","1965","644.4",,,
"DA000030370","KOEBENHAVN BOTANISK HAVE, DA","55.6831","12.5831","6.0","1966","723.0",,,
"DA000030370","KOEBENHAVN BOTANISK HAVE, DA","55.6831","12.5831","6.0","1967","744.9",,,
"DA000030370","KOEBENHAVN BOTANISK HAVE, DA","55.6831","12.5831","6.0","1968","627.1",,,
"DA000030370","KOEBENHAVN BOTANISK HAVE, DA","55.6831","12.5831","6.0","1969","577.0",,,
"DA000030370","KOEBENHAVN BOTANISK HAVE, DA","55.6831","12.5831","6.0","1970","691.5",,,
"DA000030370","KOEBENHAVN BOTANISK HAVE, DA","55.6831","12.5831","6.0","1971","540.8",,,
"DA000030370","KOEBENHAVN BOTANISK HAVE, DA","55.6831","12.5831","6.0","1972","539.1",,,
"DA000030370","KOEBENHAVN BOTANISK HAVE, DA","55.6831","12.5831","6.0","1973","607.7",,,
"DA000030370","KOEBENHAVN BOTANISK HAVE, DA","55.6831","12.5831","6.0","1974","624.2",,,
"DA000030370","KOEBENHAVN BOTANISK HAVE, DA","55.6831","12.5831","6.0","1975","471.4",,,
"DA000030370","KOEBENHAVN BOTANISK HAVE, DA","55.6831","12.5831","6.0","1976","444.5",,,
"DA000030370","KOEBENHAVN BOTANISK HAVE, DA","55.6831","12.5831","6.0","1977","576.4",,,
"DA000030370","KOEBENHAVN BOTANISK HAVE, DA","55.6831","12.5831","6.0","1978","571.7",,,
"DA000030370","KOEBENHAVN BOTANISK HAVE, DA","55.6831","12.5831","6.0","1980","768.1",,,
"DA000030370","KOEBENHAVN BOTANISK HAVE, DA","55.6831","12.5831","6.0","1981","733.6",,,
"DA000030370","KOEBENHAVN BOTANISK HAVE, DA","55.6831","12.5831","6.0","1982","599.2",,,
"DA000030370","KOEBENHAVN BOTANISK HAVE, DA","55.6831","12.5831","6.0","1983","652.7",,,
"DA000030370","KOEBENHAVN BOTANISK HAVE, DA","55.6831","12.5831","6.0","1984","648.6",,,
"DA000030370","KOEBENHAVN BOTANISK HAVE, DA","55.6831","12.5831","6.0","1985","722.1",,,
"DA000030370","KOEBENHAVN BOTANISK HAVE, DA","55.6831","12.5831","6.0","1986","593.3",,,
"DA000030370","KOEBENHAVN BOTANISK HAVE, DA","55.6831","12.5831","6.0","1987","644.1",,,
"DA000030370","KOEBENHAVN BOTANISK HAVE, DA","55.6831","12.5831","6.0","1988","643.0",,,
"DA000030370","KOEBENHAVN BOTANISK HAVE, DA","55.6831","12.5831","6.0","1989","527.0",,,
"DA000030370","KOEBENHAVN BOTANISK HAVE, DA","55.6831","12.5831","6.0","1990","553.4",,,
"DA000030370","KOEBENHAVN BOTANISK HAVE, DA","55.6831","12.5831","6.0","1992","544.7",,,
"DA000030370","KOEBENHAVN BOTANISK HAVE, DA","55.6831","12.5831","6.0","1993","708.9",,,
"DA000030370","KOEBENHAVN BOTANISK HAVE, DA","55.6831","12.5831","6.0","1994","796.2",,,
"DA000030370","KOEBENHAVN BOTANISK HAVE, DA","55.6831","12.5831","6.0","1995","625.9",,,
"DA000030370","KOEBENHAVN BOTANISK HAVE, DA","55.6831","12.5831","6.0","1996","433.9",,,
"DA000030370","KOEBENHAVN BOTANISK HAVE, DA","55.6831","12.5831","6.0","1997","554.8",,,
"DA000030370","KOEBENHAVN BOTANISK HAVE, DA","55.6831","12.5831","6.0","1998","764.6",,,
"DA000030370","KOEBENHAVN BOTANISK HAVE, DA","55.6831","12.5831","6.0","1999","653.2",,,
"DA000030370","KOEBENHAVN BOTANISK HAVE, DA","55.6831","12.5831","6.0","2000","581.1",,,
"DA000030370","KOEBENHAVN BOTANISK HAVE, DA","55.6831","12.5831","6.0","2001","647.4",,,
"DA000030370","KOEBENHAVN BOTANISK HAVE, DA","55.6831","12.5831","6.0","2002","782.4",,,
"DA000030370","KOEBENHAVN BOTANISK HAVE, DA","55.6831","12.5831","6.0","2003","569.1",,,
"DA000030370","KOEBENHAVN BOTANISK HAVE, DA","55.6831","12.5831","6.0","2004","695.2",,,
"DA000030370","KOEBENHAVN BOTANISK HAVE, DA","55.6831","12.5831","6.0","2005","502.4",,,
"DA000030370","KOEBENHAVN BOTANISK HAVE, DA","55.6831","12.5831","6.0","2006","679.0",,,
"DA000030370","KOEBENHAVN BOTANISK HAVE, DA","55.6831","12.5831","6.0","2007","805.3",,,
"DA000030370","KOEBENHAVN BOTANISK HAVE, DA","55.6831","12.5831","6.0","2008","650.8",,,
"DA000030370","KOEBENHAVN BOTANISK HAVE, DA","55.6831","12.5831","6.0","2009","567.4",,,
"DA000030370","KOEBENHAVN BOTANISK HAVE, DA","55.6831","12.5831","6.0","2010","669.5",,,
"DA000030370","KOEBENHAVN BOTANISK HAVE, DA","55.6831","12.5831","6.0","2011","798.9",,,
"DA000030370","KOEBENHAVN BOTANISK HAVE, DA","55.6831","12.5831","6.0","2012","636.2",,,
"DA000030370","KOEBENHAVN BOTANISK HAVE, DA","55.6831","12.5831","6.0","2013","550.7",,,
"DA000030370","KOEBENHAVN BOTANISK HAVE, DA","55.6831","12.5831","6.0","2014","850.6",,,
"DA000030370","KOEBENHAVN BOTANISK HAVE, DA","55.6831","12.5831","6.0","2015","738.4",,,
"DA000030370","KOEBENHAVN BOTANISK HAVE, DA","55.6831","12.5831","6.0","2016","599.1",,,
"DA000030370","KOEBENHAVN BOTANISK HAVE, DA","55.6831","12.5831","6.0","2017","839.1",,,
"DA000030370","KOEBENHAVN BOTANISK HAVE, DA","55.6831","12.5831","6.0","2018","486.7",,,
"DA000030370","KOEBENHAVN BOTANISK HAVE, DA","55.6831","12.5831","6.0","2019","756.2",,,
"DA000030370","KOEBENHAVN BOTANISK HAVE, DA","55.6831","12.5831","6.0","2020","618.7",,,
"DA000030380","KOEBENHAVN LANDBOHOJSKOLEN 1, DA","55.6831","12.5331","9.0","1950","695.8",,,
"DA000030380","KOEBENHAVN LANDBOHOJSKOLEN 1, DA","55.6831","12.5331","9.0","1951","688.2","9.1","12.1","6.1"
"DA000030380","KOEBENHAVN LANDBOHOJSKOLEN 1, DA","55.6831","12.5331","9.0","1952","617.4","8.0","10.9","5.1"
"DA000030380","KOEBENHAVN LANDBOHOJSKOLEN 1, DA","55.6831","12.5331","9.0","1953","500.1","9.6","12.8","6.5"
"DA000030380","KOEBENHAVN LANDBOHOJSKOLEN 1, DA","55.6831","12.5331","9.0","1954","839.2","7.9","10.6","5.2"
"DA000030380","KOEBENHAVN LANDBOHOJSKOLEN 1, DA","55.6831","12.5331","9.0","1955","649.4","8.0","11.1","4.9"
"DA000030380","KOEBENHAVN LANDBOHOJSKOLEN 1, DA","55.6831","12.5331","9.0","1956","609.9","7.3","10.3","4.2"
"DA000030380","KOEBENHAVN LANDBOHOJSKOLEN 1, DA","55.6831","12.5331","9.0","1957","622.0","8.8","11.8","5.8"
"DA000030380","KOEBENHAVN LANDBOHOJSKOLEN 1, DA","55.6831","12.5331","9.0","1958","835.9","7.8","10.8","4.9"
"DA000030380","KOEBENHAVN LANDBOHOJSKOLEN 1, DA","55.6831","12.5331","9.0","1959","506.8","9.5","12.8","6.3"
"DA000030380","KOEBENHAVN LANDBOHOJSKOLEN 1, DA","55.6831","12.5331","9.0","1960","855.2","8.7","11.5","5.8"
"DA000030380","KOEBENHAVN LANDBOHOJSKOLEN 1, DA","55.6831","12.5331","9.0","1961","688.2","9.4","12.4","6.3"
"DA000030380","KOEBENHAVN LANDBOHOJSKOLEN 1, DA","55.6831","12.5331","9.0","1962","632.5","7.8","10.6","5.0"
"DA000030380","KOEBENHAVN LANDBOHOJSKOLEN 1, DA","55.6831","12.5331","9.0","1963","681.9","7.5","10.5","4.5"
"DA000030380","KOEBENHAVN LANDBOHOJSKOLEN 1, DA","55.6831","12.5331","9.0","1964","494.0","8.4","11.4","5.4"
"DA000030380","KOEBENHAVN LANDBOHOJSKOLEN 1, DA","55.6831","12.5331","9.0","1965","644.3","7.9","10.8","5.0"
"DA000030380","KOEBENHAVN LANDBOHOJSKOLEN 1, DA","55.6831","12.5331","9.0","1966","767.4","8.2","11.1","5.2"
"DA000030380","KOEBENHAVN LANDBOHOJSKOLEN 1, DA","55.6831","12.5331","9.0","1967","771.5","9.2","12.2","6.3"
"DA000030380","KOEBENHAVN LANDBOHOJSKOLEN 1, DA","55.6831","12.5331","9.0","1968","660.6","8.9","11.9","5.8"
"DA000030380","KOEBENHAVN LANDBOHOJSKOLEN 1, DA","55.6831","12.5331","9.0","1969","571.9","8.4","11.4","5.5"
"DA000030380","KOEBENHAVN LANDBOHOJSKOLEN 1, DA","55.6831","12.5331","9.0","1970","712.8","7.9","10.9","4.9"
"DA000030380","KOEBENHAVN LANDBOHOJSKOLEN 1, DA","55.6831","12.5331","9.0","1971","579.7","9.1","12.2","5.9"
"DA000030380","KOEBENHAVN LANDBOHOJSKOLEN 1, DA","55.6831","12.5331","9.0","1972","547.3","8.9","11.8","6.0"
"DA000030380","KOEBENHAVN LANDBOHOJSKOLEN 1, DA","55.6831","12.5331","9.0","1973","595.3","9.1","12.4","5.9"
"DA000030380","KOEBENHAVN LANDBOHOJSKOLEN 1, DA","55.6831","12.5331","9.0","1974","671.5","9.5","12.5","6.5"
"DA000030380","KOEBENHAVN LANDBOHOJSKOLEN 1, DA","55.6831","12.5331","9.0","1975","494.7","9.9","13.0","6.8"
"DA000030380","KOEBENHAVN LANDBOHOJSKOLEN 1, DA","55.6831","12.5331","9.0","1976","462.9","8.7","11.7","5.6"
"DA000030380","KOEBENHAVN LANDBOHOJSKOLEN 1, DA","55.6831","12.5331","9.0","1977","563.0","8.9","11.8","6.1"
"DA000030380","KOEBENHAVN LANDBOHOJSKOLEN 1, DA","55.6831","12.5331","9.0","1978","619.7","8.5","11.4","5.5"
"DA000030380","KOEBENHAVN LANDBOHOJSKOLEN 1, DA","55.6831","12.5331","9.0","1979","635.8","7.8","10.7","4.8"
"DA000030380","KOEBENHAVN LANDBOHOJSKOLEN 1, DA","55.6831","12.5331","9.0","1980","780.6","8.1","10.9","5.1"
"DA000030380","KOEBENHAVN LANDBOHOJSKOLEN 1, DA","55.6831","12.5331","9.0","1981","785.6","8.4","11.4","5.4"
"DA000030380","KOEBENHAVN LANDBOHOJSKOLEN 1, DA","55.6831","12.5331","9.0","1982","637.9","9.2","12.4","6.0"
"DA000030380","KOEBENHAVN LANDBOHOJSKOLEN 1, DA","55.6831","12.5331","9.0","1983","653.5","9.4","12.4","6.4"
"DA000030380","KOEBENHAVN LANDBOHOJSKOLEN 1, DA","55.6831","12.5331","9.0","1984","644.5","9.0","11.7","6.3"
"DA000030380","KOEBENHAVN LANDBOHOJSKOLEN 1, DA","55.6831","12.5331","9.0","1985","729.6","7.5","10.5","4.4"
"DA000030380","KOEBENHAVN LANDBOHOJSKOLEN 1, DA","55.6831","12.5331","9.0","1986","579.9","8.1","11.2","5.0"
"DA000030380","KOEBENHAVN LANDBOHOJSKOLEN 1, DA","55.6831","12.5331","9.0","1987","623.5","7.5","10.4","4.6"
"DA000030380","KOEBENHAVN LANDBOHOJSKOLEN 1, DA","55.6831","12.5331","9.0","1988","623.6","9.4","12.4","6.4"
"DA000030380","KOEBENHAVN LANDBOHOJSKOLEN 1, DA","55.6831","12.5331","9.0","1989","513.9","10.4","13.7","7.1"
"DA000030380","KOEBENHAVN LANDBOHOJSKOLEN 1, DA","55.6831","12.5331","9.0","1990","619.6","10.6","13.8","7.4"
"DA000030380","KOEBENHAVN LANDBOHOJSKOLEN 1, DA","55.6831","12.5331","9.0","1991","622.2","9.3","12.3","6.3"
"DA000030380","KOEBENHAVN LANDBOHOJSKOLEN 1, DA","55.6831","12.5331","9.0","1992","588.7","9.9","13.0","6.8"
"DA000030380","KOEBENHAVN LANDBOHOJSKOLEN 1, DA","55.6831","12.5331","9.0","1993","710.5","8.7","11.5","5.8"
"DA000030380","KOEBENHAVN LANDBOHOJSKOLEN 1, DA","55.6831","12.5331","9.0","1994","820.8","9.8","12.8","6.7"
"DA000030380","KOEBENHAVN LANDBOHOJSKOLEN 1, DA","55.6831","12.5331","9.0","1995","661.1","9.3","12.5","6.1"
"DA000030380","KOEBENHAVN LANDBOHOJSKOLEN 1, DA","55.6831","12.5331","9.0","1996",,"7.9","11.0","4.8"
"DA000030380","KOEBENHAVN LANDBOHOJSKOLEN 1, DA","55.6831","12.5331","9.0","1997",,"9.4","12.6","6.1"
"DA000030380","KOEBENHAVN LANDBOHOJSKOLEN 1, DA","55.6831","12.5331","9.0","1998",,"8.8","11.6","6.0"
"DA000030380","KOEBENHAVN LANDBOHOJSKOLEN 1, DA","55.6831","12.5331","9.0","1999",,,,"6.4"
"DA000030380","KOEBENHAVN LANDBOHOJSKOLEN 1, DA","55.6831","12.5331","9.0","2000",,"9.9","12.8","7.1"
"DA000030380","KOEBENHAVN LANDBOHOJSKOLEN 1, DA","55.6831","12.5331","9.0","2001",,,,"5.9"
"DA000030380","KOEBENHAVN LANDBOHOJSKOLEN 1, DA","55.6831","12.5331","9.0","2002",,,,"6.7"
"DA000030380","KOEBENHAVN LANDBOHOJSKOLEN 1, DA","55.6831","12.5331","9.0","2003",,,,"5.9"
"DA000030380","KOEBENHAVN LANDBOHOJSKOLEN 1, DA","55.6831","12.5331","9.0","2004",,,,"6.2"
"DA000030380","KOEBENHAVN LANDBOHOJSKOLEN 1, DA","55.6831","12.5331","9.0","2005",,,,"6.2"
"DA000030380","KOEBENHAVN LANDBOHOJSKOLEN 1, DA","55.6831","12.5331","9.0","2006",,,,"7.1"
"DA000030380","KOEBENHAVN LANDBOHOJSKOLEN 1, DA","55.6831","12.5331","9.0","2007",,,,"7.2"
"DA000030380","KOEBENHAVN LANDBOHOJSKOLEN 1, DA","55.6831","12.5331","9.0","2008",,,,"6.9"
"DA000030380","KOEBENHAVN LANDBOHOJSKOLEN 1, DA","55.6831","12.5331","9.0","2009",,,,"6.5"
"DA000030380","KOEBENHAVN LANDBOHOJSKOLEN 1, DA","55.6831","12.5331","9.0","2010",,,,"4.8"
"DA000030380","KOEBENHAVN LANDBOHOJSKOLEN 1, DA","55.6831","12.5331","9.0","2011",,,,"6.6"
"DA000030380","KOEBENHAVN LANDBOHOJSKOLEN 1, DA","55.6831","12.5331","9.0","2012",,,,"6.1"
"DA000030380","KOEBENHAVN LANDBOHOJSKOLEN 1, DA","55.6831","12.5331","9.0","2013",,,,"6.2"
"DA000030380","KOEBENHAVN LANDBOHOJSKOLEN 1, DA","55.6831","12.5331","9.0","2014",,,,"7.7"
"DA000030380","KOEBENHAVN LANDBOHOJSKOLEN 1, DA","55.6831","12.5331","9.0","2015",,,,"6.9"
"DA000030380","KOEBENHAVN LANDBOHOJSKOLEN 1, DA","55.6831","12.5331","9.0","2016",,,,"6.8"
"DA000030380","KOEBENHAVN LANDBOHOJSKOLEN 1, DA","55.6831","12.5331","9.0","2017",,,,"6.8"
"DA000030380","KOEBENHAVN LANDBOHOJSKOLEN 1, DA","55.6831","12.5331","9.0","2018",,,,"7.2"
"DA000030380","KOEBENHAVN LANDBOHOJSKOLEN 1, DA","55.6831","12.5331","9.0","2019",,,,"7.3"
"DA000030380","KOEBENHAVN LANDBOHOJSKOLEN 1, DA","55.6831","12.5331","9.0","2020",,,,"7.5"
"DAE00100980","TRANEBJERG OST 1, DA","55.8331","10.6167","18.0","2002","666.3",,,
"DAE00100980","TRANEBJERG OST 1, DA","55.8331","10.6167","18.0","2004","640.9","9.0","11.6","6.4"
"DAE00100980","TRANEBJERG OST 1, DA","55.8331","10.6167","18.0","2005","476.5",,,
"DAE00100980","TRANEBJERG OST 1, DA","55.8331","10.6167","18.0","2006","576.8","9.8","12.4","7.1"
"DAE00100980","TRANEBJERG OST 1, DA","55.8331","10.6167","18.0","2007","613.4","9.9","12.5","7.3"
"DAE00100980","TRANEBJERG OST 1, DA","55.8331","10.6167","18.0","2008","468.2",,,
"DAE00100980","TRANEBJERG OST 1, DA","55.8331","10.6167","18.0","2009","558.7","9.2","11.9","6.6"
"DAE00100980","TRANEBJERG OST 1, DA","55.8331","10.6167","18.0","2010","642.9","7.6","10.1","5.1"
"DAE00100980","TRANEBJERG OST 1, DA","55.8331","10.6167","18.0","2011","643.0","9.4","12.1","6.7"
"DAE00100980","TRANEBJERG OST 1, DA","55.8331","10.6167","18.0","2012","611.8","8.7","11.3","6.2"
"DAE00100980","TRANEBJERG OST 1, DA","55.8331","10.6167","18.0","2013","478.2","8.9","11.5","6.3"
"DAE00100980","TRANEBJERG OST 1, DA","55.8331","10.6167","18.0","2014","570.6","10.3","13.0","7.6"
"DAE00100980","TRANEBJERG OST 1, DA","55.8331","10.6167","18.0","2015","744.4","9.3","12.1","6.6"
"DAE00100980","TRANEBJERG OST 1, DA","55.8331","10.6167","18.0","2016","557.2","9.4","12.0","6.7"
"DAE00100980","TRANEBJERG OST 1, DA","55.8331","10.6167","18.0","2017","631.8","9.3","11.9","6.6"
"DAE00100980","TRANEBJERG OST 1, DA","55.8331","10.6167","18.0","2018","442.4","9.8","12.6","7.1"
"DAE00100980","TRANEBJERG OST 1, DA","55.8331","10.6167","18.0","2019","634.3","9.8","12.6","7.0"
"DAE00100980","TRANEBJERG OST 1, DA","55.8331","10.6167","18.0","2020","470.0","10.3","13.0","7.5"
"DA000030210","KOEBENHAVN METEOROLOGISK INS, DA","55.7167","12.5667","8.0","1962","613.3",,,
"DA000030210","KOEBENHAVN METEOROLOGISK INS, DA","55.7167","12.5667","8.0","1963","631.2",,,
"DA000030210","KOEBENHAVN METEOROLOGISK INS, DA","55.7167","12.5667","8.0","1964","507.5",,,
"DA000030210","KOEBENHAVN METEOROLOGISK INS, DA","55.7167","12.5667","8.0","1965","661.1",,,
"DA000030210","KOEBENHAVN METEOROLOGISK INS, DA","55.7167","12.5667","8.0","1966","680.3",,,
"DA000030210","KOEBENHAVN METEOROLOGISK INS, DA","55.7167","12.5667","8.0","1967","739.2",,,
"DA000030210","KOEBENHAVN METEOROLOGISK INS, DA","55.7167","12.5667","8.0","1968","577.5",,,
"DA000030210","KOEBENHAVN METEOROLOGISK INS, DA","55.7167","12.5667","8.0","1969","528.9",,,
"DA000030210","KOEBENHAVN METEOROLOGISK INS, DA","55.7167","12.5667","8.0","1970","664.4",,,
"DA000030210","KOEBENHAVN METEOROLOGISK INS, DA","55.7167","12.5667","8.0","1971","556.2",,,
"DA000030210","KOEBENHAVN METEOROLOGISK INS, DA","55.7167","12.5667","8.0","1973","547.4",,,
"DA000030210","KOEBENHAVN METEOROLOGISK INS, DA","55.7167","12.5667","8.0","1975","505.6",,,
"DA000030210","KOEBENHAVN METEOROLOGISK INS, DA","55.7167","12.5667","8.0","1976","428.2",,,
"DA000030210","KOEBENHAVN METEOROLOGISK INS, DA","55.7167","12.5667","8.0","1977","627.8",,,
"DA000030210","KOEBENHAVN METEOROLOGISK INS, DA","55.7167","12.5667","8.0","1978","576.5",,,
"DA000030210","KOEBENHAVN METEOROLOGISK INS, DA","55.7167","12.5667","8.0","1979","640.8",,,
"DA000030210","KOEBENHAVN METEOROLOGISK INS, DA","55.7167","12.5667","8.0","1980","654.4",,,
"DA000030210","KOEBENHAVN METEOROLOGISK INS, DA","55.7167","12.5667","8.0","1982","498.3",,,
"DA000030210","KOEBENHAVN METEOROLOGISK INS, DA","55.7167","12.5667","8.0","1983","642.9",,,
"DAE00100415","BRODERUP, DA","54.9","9.27","23.0","1950","866.2",,,
"DAE00100415","BRODERUP, DA","54.9","9.27","23.0","1951","886.9",,,
"DAE00100415","BRODERUP, DA","54.9","9.27","23.0","1952","897.7",,,
"DAE00100415","BRODERUP, DA","54.9","9.27","23.0","1953","707.6",,,
"DAE00100415","BRODERUP, DA","54.9","9.27","23.0","1954","967.0",,,
"DAE00100415","BRODERUP, DA","54.9","9.27","23.0","1955","650.3",,,
"DAE00100415","BRODERUP, DA","54.9","9.27","23.0","1956","611.3",,,
"DAE00100415","BRODERUP, DA","54.9","9.27","23.0","1958","787.5",,,
"DAE00100415","BRODERUP, DA","54.9","9.27","23.0","1959","563.6",,,
"DAE00100415","BRODERUP, DA","54.9","9.27","23.0","1960","905.9",,,
"DAE00100415","BRODERUP, DA","54.9","9.27","23.0","1961","871.4",,,
"DAE00100415","BRODERUP, DA","54.9","9.27","23.0","1962","813.8",,,
"DAE00100415","BRODERUP, DA","54.9","9.27","23.0","1963","837.3",,,
"DAE00100415","BRODERUP, DA","54.9","9.27","23.0","1964","691.8",,,
"DAE00100415","BRODERUP, DA","54.9","9.27","23.0","1965","935.6",,,
"DAE00100415","BRODERUP, DA","54.9","9.27","23.0","1966","971.5",,,
"DAE00100415","BRODERUP, DA","54.9","9.27","23.0","1967","1013.9",,,
"DAE00100415","BRODERUP, DA","54.9","9.27","23.0","1968","803.3",,,
"DAE00100415","BRODERUP, DA","54.9","9.27","23.0","1969","607.0",,,
"DAE00100415","BRODERUP, DA","54.9","9.27","23.0","1971","720.1",,,
"DAE00100415","BRODERUP, DA","54.9","9.27","23.0","1972","729.8",,,
"DAE00100415","BRODERUP, DA","54.9","9.27","23.0","1973","779.0",,,
"DAE00100415","BRODERUP, DA","54.9","9.27","23.0","1974","966.9",,,
"DAE00100415","BRODERUP, DA","54.9","9.27","23.0","1977","902.1",,,
"DAE00100415","BRODERUP, DA","54.9","9.27","23.0","1978","919.3",,,
"DAE00100415","BRODERUP, DA","54.9","9.27","23.0","1979","983.8",,,
"DAE00100415","BRODERUP, DA","54.9","9.27","23.0","1980","1174.3",,,
"DAE00100415","BRODERUP, DA","54.9","9.27","23.0","1981","967.6",,,
"DAE00100415","BRODERUP, DA","54.9","9.27","23.0","1982","911.6",,,
"DAE00100415","BRODERUP, DA","54.9","9.27","23.0","1983","907.1",,,
"DAE00100415","BRODERUP, DA","54.9","9.27","23.0","1984","986.7",,,
"DAE00100415","BRODERUP, DA","54.9","9.27","23.0","1985","1050.7",,,
"DA000032030","SANDVIG, DA","55.2831","14.7831","13.0","1950","566.8","8.7","11.4","6.1"
"DA000032030","SANDVIG, DA","55.2831","14.7831","13.0","1951",,,,"6.2"
"DA000032030","SANDVIG, DA","55.2831","14.7831","13.0","1952","671.0","7.8","10.2","5.4"
"DA000032030","SANDVIG, DA","55.2831","14.7831","13.0","1953","370.9","9.0","11.7","6.4"
"DA000032030","SANDVIG, DA","55.2831","14.7831","13.0","1954","577.9",,"9.6",
"DA000032030","SANDVIG, DA","55.2831","14.7831","13.0","1955","598.5","7.6","9.8","5.3"
"DA000032030","SANDVIG, DA","55.2831","14.7831","13.0","1956","536.4","6.6","8.7","4.6"
"DA000032030","SANDVIG, DA","55.2831","14.7831","13.0","1957","410.3","8.1","10.2","6.0"
"DA000032030","SANDVIG, DA","55.2831","14.7831","13.0","1958","590.8","7.5","9.6","5.4"
"DA000032030","SANDVIG, DA","55.2831","14.7831","13.0","1959","462.9","9.0","11.2","6.8"
"DA000032030","SANDVIG, DA","55.2831","14.7831","13.0","1960","835.4","7.9","9.9","6.0"
"DA000032030","SANDVIG, DA","55.2831","14.7831","13.0","1961","552.1","8.8","10.9","6.7"
"DA000032030","SANDVIG, DA","55.2831","14.7831","13.0","1962","533.7","7.3","9.3","5.2"
"DA000032030","SANDVIG, DA","55.2831","14.7831","13.0","1963","552.6","7.1","9.2","4.9"
"DA000032030","SANDVIG, DA","55.2831","14.7831","13.0","1964","433.0","7.9","10.0","5.7"
"DA000032030","SANDVIG, DA","55.2831","14.7831","13.0","1965","619.0","7.3","9.3","5.2"
"DA000032030","SANDVIG, DA","55.2831","14.7831","13.0","1966",,,,
"DA000032030","SANDVIG, DA","55.2831","14.7831","13.0","1967","529.0","8.7","11.1","6.3"
"DA000032030","SANDVIG, DA","55.2831","14.7831","13.0","1968","658.8","8.3","10.7","6.0"
"DA000032030","SANDVIG, DA","55.2831","14.7831","13.0","1969","526.8","7.6","9.9","5.2"
"DA000032030","SANDVIG, DA","55.2831","14.7831","13.0","1970","621.0","7.0","9.3","4.7"
